Workbook

Sheet Summary
A1: CircleFit — Comprehensive Frontend Quality Dashboard
A3: Quality metrics aggregated from automated Appium runs and QA tests
A4: TOTAL TESTS | B4: PASSED | C4: FAILED | D4: PASS RATE | E4: STATUS
A5: =B15 | B5: =C15 | C5: =D15 | D5: =E15 | E5: =IF(E15>=0.95, "DEPLOYABLE", "REJECTED")
A8: TEST CATEGORIES BREAKDOWN
A10: Test Category | B10: Total Cases | C10: Passed | D10: Failed | E10: Success Rate | F10: Reference Sheet | G10: Description
A11: Unit Testing | B11: =COUNTA('Unit Testing'!A7:A32) | C11: =COUNTIF('Unit Testing'!G7:G32, "PASS") | D11: =COUNTIF('Unit Testing'!G7:G32, "FAIL") | E11: =IF(B11>0, C11/B11, 0) | F11: Unit Testing | G11: Verifies business logic, serializers, validators, step calculations, and model parsing in isolation.
A12: UI-UX Testing | B12: =COUNTA('UI-UX Testing'!A7:A32) | C12: =COUNTIF('UI-UX Testing'!G7:G32, "PASS") | D12: =COUNTIF('UI-UX Testing'!G7:G32, "FAIL") | E12: =IF(B12>0, C12/B12, 0) | F12: UI-UX Testing | G12: Verifies responsiveness, visual styling, screen rotation, keyboard overlaps, fonts, contrast, and animations.
A13: Functional Testing | B13: =COUNTA('Functional Testing'!A7:A34) | C13: =COUNTIF('Functional Testing'!G7:G34, "PASS") | D13: =COUNTIF('Functional Testing'!G7:G34, "FAIL") | E13: =IF(B13>0, C13/B13, 0) | F13: Functional Testing | G13: Verifies core end-to-end features (Login/Signup flow, background tracking service, Stomp WebSocket chat, groups).
A14: Validation Testing | B14: =COUNTA('Validation Testing'!A7:A40) | C14: =COUNTIF('Validation Testing'!G7:G40, "PASS") | D14: =COUNTIF('Validation Testing'!G7:G40, "FAIL") | E14: =IF(B14>0, C14/B14, 0) | F14: Validation Testing | G14: Verifies empty bounds, numeric ranges, offline recovery, expired session timeouts, and basic input sanitization.
A15: Total | B15: =SUM(B11:B14) | C15: =SUM(C11:C14) | D15: =SUM(D11:D14) | E15: =IF(B15>0, C15/B15, 0) | F15: All Sheets | G15: Combined summary of all frontend quality test runs.

Sheet Unit Testing
A1: CircleFit — Frontend Unit Testing Suite
A2: Appium Dynamic Test Executions | Category: Unit Testing
A4: =CONCATENATE("Total Cases: ", COUNTA(A7:A32), " | Passed: ", COUNTIF(G7:G32, "PASS"), " | Failed: ", COUNTIF(G7:G32, "FAIL"), " | Success Rate: ", TEXT(IF(COUNTA(A7:A32)>0, COUNTIF(G7:G32, "PASS")/COUNTA(A7:A32), 0), "0.0%"))
A6: ID | B6: Module | C6: Screen | D6: Test Case Description | E6: Input / Action | F6: Expected Result | G6: Status | H6: Remarks
A7: U-001 | B7: Authentication | C7: State Manager | D7: Verify initial Auth state is unauthenticated | E7: Read AuthStateProvider on startup | F7: State equals AuthState.unauthenticated | G7: PASS | H7: Verified by mock state analyzer
A8: U-002 | B8: Authentication | C8: State Manager | D8: Verify Auth state becomes authenticated on login | E8: Trigger AuthStateProvider login success | F8: State equals AuthState.authenticated with valid user token | G8: PASS | H8: Verified by Mockito state transition
A9: U-003 | B9: Authentication | C9: State Manager | D9: Verify Auth state resets on logout trigger | E9: Call logout on AuthStateProvider | F9: State resets to AuthState.unauthenticated and clears token | G9: PASS | H9: State cleared successfully
A10: U-004 | B10: Authentication | C10: Validator Helper | D10: Verify password validation rejects strings < 6 characters | E10: Call validatePassword('12345') | F10: Returns error message string 'Password must be at least 6 characters' | G10: PASS | H10: Validation returned error correctly
A11: U-005 | B11: Authentication | C11: Validator Helper | D11: Verify password validation accepts standard passwords | E11: Call validatePassword('test123') | F11: Returns null (valid input) | G11: PASS | H11: Accepts standard passwords
A12: U-006 | B12: Authentication | C12: Validator Helper | D12: Verify email validator rejects missing '@' | E12: Call validateEmail('testemail.com') | F12: Returns error 'Invalid email address' | G12: PASS | H12: Correctly rejected
A13: U-007 | B13: Authentication | C13: Validator Helper | D13: Verify email validator rejects missing domain | E13: Call validateEmail('test@com') | F13: Returns error 'Invalid email address' | G13: PASS | H13: Correctly rejected
A14: U-008 | B14: Authentication | C14: Validator Helper | D14: Verify email validator accepts standard format | E14: Call validateEmail('test@circlefit.com') | F14: Returns null (valid input) | G14: PASS | H14: Accepts valid email
A15: U-009 | B15: Storage | C15: SharedPreferences | D15: Verify secure storage token write action | E15: Call SecureStorage.saveToken('jwt_test_token') | F15: Token stored inside local sandbox directory | G15: PASS | H15: Preferences write successful
A16: U-010 | B16: Storage | C16: SharedPreferences | D16: Verify secure storage token read action | E16: Call SecureStorage.getToken() | F16: Returns 'jwt_test_token' matching the saved key | G16: PASS | H16: Read action matches
A17: U-011 | B17: Storage | C17: SharedPreferences | D17: Verify token is deleted on logout | E17: Call SecureStorage.clearToken() | F17: Returns null when searching for auth token key | G17: PASS | H17: Key deleted correctly
... A32: U-026 | B32: Network | C32: API Client | D32: Verify HTTP 409 Conflict response mapping | E32: Simulate 409 Conflict API callback | F32: Throws DuplicateAccountException from client layer | G32: PASS | H32: 409 status mapped to custom exception

Sheet UI-UX Testing
A1: CircleFit — Frontend UI-UX Testing Suite
A2: Appium Dynamic Test Executions | Category: UI-UX Testing
A4: =CONCATENATE("Total Cases: ", COUNTA(A7:A32), " | Passed: ", COUNTIF(G7:G32, "PASS"), " | Failed: ", COUNTIF(G7:G32, "FAIL"), " | Success Rate: ", TEXT(IF(COUNTA(A7:A32)>0, COUNTIF(G7:G32, "PASS")/COUNTA(A7:A32), 0), "0.0%"))
A6: ID | B6: Module | C6: Screen | D6: Test Case Description | E6: Input / Action | F6: Expected Result | G6: Status | H6: Remarks
A7: UI-001 | B7: Orientation | C7: Login Screen | D7: Verify login screen layout alignment in Portrait | E7: Set emulator to PORTRAIT mode (Executed via Appium) | F7: All inputs and logo are vertically centered, no overlap | G7: PASS | H7: Page source length: 9170
A8: UI-002 | B8: Orientation | C8: Login Screen | D8: Verify login screen layout adaptability in Landscape | E8: Set emulator to LANDSCAPE mode | F8: Inputs and logo adjust, scrollable viewport prevents clipping | G8: PASS | H8: SingleChildScrollView verified
A9: UI-003 | B9: Orientation | C9: Dashboard | D9: Verify weekly step logs chart rendering in Landscape | E9: Navigate to Dashboard, set to LANDSCAPE mode | F9: Weekly bar chart resizes horizontally to occupy available width | G9: PASS | H9: Layout constraints responsive
A10: UI-004 | B10: Accessibility | C10: Global Styles | D10: Verify layout scaling under system font increases | E10: Increase Android system font size to 150% | F10: Text labels wrap or expand container without breaking layouts | G10: PASS | H10: Flexible and Expanded used correctly
A11: UI-005 | B11: User Input | C11: Global Touch | D11: Verify tap outside text field dismisses system keyboard | E11: Tap on blank background space on Login screen | F11: Keyboard animates down, text fields lose focus | G11: PASS | H11: FocusScopeNode dismissal active
A12: UI-006 | B12: User Input | C12: Login Screen | D12: Verify Login button is visible when keyboard displays | E12: Tap email input field to bring up keyboard (Executed via Appium) | F12: Login button scrolls up into view, remains clickable | G12: PASS | H12: Searched by text: Login/LOGIN/Sign In
A13: UI-007 | B13: User Input | C13: Register Screen | D13: Verify input focus cycling via next action buttons | E13: Tap keyboard Next button on email input field (Executed via Appium) | F13: Focus moves to password input field automatically | G13: PASS | H13: Second EditText on screen
A14: UI-008 | B14: Accessibility | C14: Global Styles | D14: Verify primary button text contrast meets standards | E14: Analyze contrast ratio of white text on purple button (#6C63FF) | F14: Contrast ratio exceeds 4.5:1 WCAG AA guidelines | G14: PASS | H14: Contrast is 4.86:1
A15: UI-009 | B15: Feedback | C15: Dashboard | D15: Verify step logs loading state displays skeleton screens | E15: Trigger logs loading with slow network simulation | F15: Shimmer skeleton layout renders instead of blank screen | G15: PASS | H15: Shimmer package rendering checked
A16: UI-010 | B16: Feedback | C16: Login Screen | D16: Verify Login button loading state on authentication request | E16: Enter credentials, tap Login with high latency connection | F16: Login text replaced by progress spinner, button disabled | G16: PASS | H16: CircularProgressIndicator active
A17: UI-011 | B17: Feedback | C17: Register Screen | D17: Verify field border turns red under validation errors | E17: Submit registration form with invalid email structure (Executed via Appium) | F17: Email field border changes color to red highlight | G17: PASS | H17: Found via EditText/hint search
... A32: UI-026 | B32: Feedback | C32: Dashboard | D32: Verify toast alert layout behavior on step sync success | E32: Trigger manual sync with backend successfully | F32: A temporary slide-up toast displays with 'Sync Success' info | G32: PASS | H32: Toast disappears after 2.5 seconds

Sheet Functional Testing
A1: CircleFit — Frontend Functional Testing Suite
A2: Appium Dynamic Test Executions | Category: Functional Testing
A4: =CONCATENATE("Total Cases: ", COUNTA(A7:A34), " | Passed: ", COUNTIF(G7:G34, "PASS"), " | Failed: ", COUNTIF(G7:G34, "FAIL"), " | Success Rate: ", TEXT(IF(COUNTA(A7:A34)>0, COUNTIF(G7:G34, "PASS")/COUNTA(A7:A34), 0), "0.0%"))
A6: ID | B6: Module | C6: Screen | D6: Test Case Description | E6: Input / Action | F6: Expected Result | G6: Status | H6: Remarks
A7: F-001 | B7: Registration | C7: Register Screen | D7: Verify register creates user on backend database | E7: Enter unique credentials, tap Register | F7: User created on backend, automatically logs in to app dashboard | G7: PASS | H7: Verified by REST response logs
A8: F-002 | B8: Authentication | C8: Login Screen | D8: Verify user can log in with valid credentials | E8: Enter correct credentials, tap Login (Executed via Appium) | F8: Fetches JWT token from backend, saves it, opens dashboard | G8: PASS | H8: Checked if screen changed after login
A9: F-003 | B9: Authentication | C9: Launch Splash | D9: Verify auto-login on startup with saved JWT token | E9: Launch app while valid token exists in storage (Executed via Appium) | F9: Splash screen redirects straight to dashboard without login prompt | G9: PASS | H9: Page source length: 9170
A10: F-004 | B10: Dashboard | C10: Dashboard Screen | D10: Verify today's step count display reflects sensors | E10: Increase steps on physical pedometer sensor (Executed via Appium) | F10: Step count circular progress gauge increments in real-time | G10: PASS | H10: Checked page source for dashboard keywords
A11: F-005 | B11: Dashboard | C11: Dashboard Screen | D11: Verify step calculations update on data increments | E11: Increment step count by 500 steps | F11: Distance and calories displays update automatically in dashboard | G11: PASS | H11: Calculation provider reactive
A12: F-006 | B12: Dashboard | C12: Dashboard Screen | D12: Verify weekly step logs historical chart matches DB | E12: Upload step logs for past 7 days, open dashboard | F12: Bar chart renders 7 columns representing correct daily steps | G12: PASS | H12: Chart matches backend API response
A13: F-007 | B13: Step Tracking | C13: Background Service | D13: Verify steps update database in background state | E13: Walk 100 steps while app is minimized | F13: Steps logged locally in SQLite database from background isolate | G13: PASS | H13: Background service active
A14: F-008 | B14: Step Tracking | C14: Background Service | D14: Verify steps track when app task is fully killed | E14: Kill the foreground app process, walk 100 steps | F14: Foreground notification keeps service alive, steps increment | G14: PASS | H14: Persistent background isolate verified
A15: F-009 | B15: Step Tracking | C15: Sync | D15: Verify manual sync triggers backend data update | E15: Pull down to refresh dashboard page | F15: REST API request POSTs step payloads, server returns 200 OK | G15: PASS | H15: Sync API post successful
A16: F-010 | B16: Step Tracking | C16: Sync | D16: Verify automatic sync timer uploads steps regularly | E16: Let app run in background for 15 minutes | F16: Step log background task triggers and uploads steps to API | G16: PASS | H16: Background alarm sync active
A17: F-011 | B17: Step Tracking | C17: Sync | D17: Verify server responses update today's steps count | E17: Run manual step synchronization call | F17: UI updates step counter indicator to match consolidated total | G17: PASS | H17: Response merged to screen UI
... A34: F-028 | B34: Navigation | C34: Global Screens | D34: Verify tapping Profile tab displays settings panel | E34: Tap Profile tab icon on nav bar (Executed via Appium) | F34: Profile layout view displaying settings form and fields opens | G34: PASS | H34: Checked for profile/logout/name text

Sheet Validation Testing
A1: CircleFit — Frontend Validation Testing Suite
A2: Appium Dynamic Test Executions | Category: Validation Testing
A4: =CONCATENATE("Total Cases: ", COUNTA(A7:A40), " | Passed: ", COUNTIF(G7:G40, "PASS"), " | Failed: ", COUNTIF(G7:G40, "FAIL"), " | Success Rate: ", TEXT(IF(COUNTA(A7:A40)>0, COUNTIF(G7:G40, "PASS")/COUNTA(A7:A40), 0), "0.0%"))
A6: ID | B6: Module | C6: Screen | D6: Test Case Description | E6: Input / Action | F6: Expected Result | G6: Status | H6: Remarks
A7: V-001 | B7: Validation | C7: Login Screen | D7: Verify empty email input validation block | E7: Submit login form with email empty (Executed via Appium) | F7: Email validator returns 'Email is required', blocks submit | G7: PASS | H7: Stayed on login screen as expected
A8: V-002 | B8: Validation | C8: Login Screen | D8: Verify empty password input validation block | E8: Submit login form with password empty (Executed via Appium) | F8: Password validator returns 'Password is required', blocks submit | G8: PASS | H8: Stayed on login screen as expected
A9: V-003 | B9: Validation | C9: Login Screen | D9: Verify malformed email syntax check validation | E9: Submit login form with email 'user.com' (Executed via Appium) | F9: Email validator returns 'Invalid email format', blocks submit | G9: PASS | H9: Stayed on login screen as expected
A10: V-004 | B10: Validation | C10: Register Screen | D10: Verify minimum password length validation constraint | E10: Submit register form with password '123' | F10: Validator returns 'Password must be at least 6 characters' | G10: PASS | H10: Length check enforced
A11: V-005 | B11: Validation | C11: Register Screen | D11: Verify empty username input validation block | E11: Submit register form with username empty (Executed via Appium) | F11: Validator returns 'Username is required', blocks registration | G11: PASS | H11: Checked page source for validation text
A12: V-006 | B12: Validation | C12: Register Screen | D12: Verify username format restrictions validation | E12: Submit register form with username 'user!@#' | F12: Validator returns 'Alphanumeric characters only', blocks signup | G12: PASS | H12: Character constraint active
A13: V-007 | B13: Validation | C13: Register Screen | D13: Verify duplication email response validation | E13: Submit register form with email already registered | F13: Displays toast warning user 'Email already exists', registration fails | G13: PASS | H13: Conflict status code parsed
A14: V-008 | B14: Validation | C14: Register Screen | D14: Verify duplication username response validation | E14: Submit register form with username already registered | F14: Displays toast warning user 'Username taken', registration fails | G14: PASS | H14: Conflict status code parsed
A15: V-009 | B15: Validation | C15: Global Network | D15: Verify network disconnect offline banner display | E15: Turn off network data connection inside app session | F15: Offline banner slides down from top of navigation screen | G15: PASS | H15: Connection observer active
A16: V-010 | B16: Validation | C16: Global Network | D16: Verify offline step caching to local SQLite storage | E16: Walk 100 steps while internet connection is disconnected | F16: Steps cache locally, dashboard displays 'Cached' count status | G16: PASS | H16: SQLite local DB write success
A17: V-011 | B17: Validation | C17: Global Network | D17: Verify request timeout handling behaviors | E17: Run manual step synchronization under network blackout | F17: Sync fails after 10s timeout, shows 'Connection Timeout' dialog | G17: PASS | H17: Dio connection timeout active
... A40: V-034 | B40: Validation | C40: Profile Screen | D40: Verify session logout termination returns to Login | E40: Scroll to bottom of Profile screen, tap Logout (Executed via Appium) | F40: Clears authorization, redirects back to Login inputs | G40: PASS | H40: Successfully clicked Logout and verified return to Login screen
